{"epoch/": 1, "_runtime": 340, "_timestamp": 1634298490, "_step": 25, "steps_per_sec/train": 0.09625959287005197, "learning rate/train": 0.05, "predictions/train": {"_type": "table-file", "path": "media/table/predictions/train_25_236b518cd8e7f3bee351.table.json", "sha256": "236b518cd8e7f3bee3519a96f5ecbb778cd337ba84e6eeec7fa0e8482204c9a9", "size": 137, "artifact_path": "wandb-artifact://41727469666163743a3331303038323833/predictions/train.table.json", "ncols": 4, "nrows": 1}, "spectrogram/train": {"_type": "image-file", "path": "media/images/spectrogram/train_25_bcd805bf3d3288d350f8.png", "sha256": "bcd805bf3d3288d350f893168024f6f36d68493a313d6e54304b71e43bd80ab7", "size": 86501, "format": "png", "width": 2000, "height": 500}, "loss/train": 6.638738302084116, "grad norm/train": 3.686089696219334, "WER (argmax)/train": 1.0, "CER (argmax)/train": 1.0693979933110374}